Address,City,State,Country
Pg Joan Borbó Comte Barcelona 32,Barcelona,Barcelona,Spain
C Nàpols 42,Barcelona,Barcelona,Spain
C la Rambla 43,Barcelona,Barcelona,Spain
C Espronceda 148,Barcelona,Barcelona,Spain
C Marie Curie 20,Barcelona,Barcelona,Spain
Av Vallcarca 205,Barcelona,Barcelona,Spain
Av J V Foix 55,Barcelona,Barcelona,Spain
C Corts 25,Barcelona,Barcelona,Spain
C Sagrera 179,Barcelona,Barcelona,Spain
Av Cardenal Vidal Barraquer 47,Barcelona,Barcelona,Spain
C Guàrdia Urbana 2,Barcelona,Barcelona,Spain
Guàrdia Urbana 3,Barcelona,Barcelona,Spain